provider,towns,model,effective,unit,base_monthly,marginal_price,source_url,checked,marginal_price_top,marginal_basis,gal_saved_per_1000_sqft_yr,usd_per_1000_sqft_yr_low,usd_per_1000_sqft_yr_top,extra_charge_per_1000_gal,served,layer_id,status,reachable,notes
Fort Collins Utilities,Fort Collins,tiered,2026-01-01,"per 1,000 gal",23.1,3.574,https://www.fortcollins.gov/Services/Utilities/Pay-My-Bill/Rates,2026-09-24,4.726,lowest priced tier: Tier 1; top tier: Tier 3,14961,53,71,,Fort Collins (city utility customers),fcu-residential-rates-2026,VERIFIED,false,
"Fort Collins-Loveland Water District, most homes (Non-City IGA)",Fort Collins; Loveland; Timnath; Windsor,tiered,2026-01-01,"per 1,000 gal",25.54,2.99,https://fclwd.com/wp-content/uploads/2026/01/Back-of-Water-Bill-2026.pdf,2026-09-24,6.83,lowest priced tier: Tier 1 (Non-City IGA); top tier: Tier 4 (Non-City IGA),14961,45,102,,"Parts of Fort Collins, Loveland, Timnath and Windsor",fclwd-rates-2026-non-city-iga,VERIFIED,true,
"Fort Collins-Loveland Water District, City IGA taps",Fort Collins; Loveland; Timnath; Windsor,tiered,2026-01-01,"per 1,000 gal",25.54,5.04,https://fclwd.com/wp-content/uploads/2026/01/Back-of-Water-Bill-2026.pdf,2026-09-24,11.5,lowest priced tier: Tier 1 (City IGA); top tier: Tier 4 (City IGA),14961,75,172,,FCLWD taps under the City of Fort Collins IGA,fclwd-rates-2026-city-iga,VERIFIED,true,
North Weld County Water District,Windsor; Greeley; Eaton; Severance; Fort Collins,tiered,2026-05-01,"per 1,000 gal",31.14,5.19,https://www.nwcwd.org/files/f055ec287/May+2026+Newsletter.pdf,2026-09-24,5.19,"one priced rate: Over 6,000 gal",14961,78,78,,"Homes NWCWD bills directly, including north Windsor, north Greeley and some of eastern Fort Collins",nwcwd-rates-2026,VERIFIED,true,"The first 6,000 gal a month are inside the monthly charge; town-billed customers (Eaton, Severance systems) pay their town's rates. Effective date is the newsletter month; the newsletter says the rates are currently in effect."
Greeley Water & Sewer,Greeley,water-budget,2026-01-01,"per 1,000 gal",21,6.18,https://cogy-p-001.sitecorecontenthub.cloud/api/public/content/131d971ab9564764b86d4ab2b50679d7?v=2d52460e,2026-09-24,13.01,lowest priced tier: Tier 1 (≤100% of budget); top tier: Tier 4 (>151% of budget),14961,92,195,,"Greeley, single-family inside city limits",greeley-water-budget-rates-2026,VERIFIED,true,Tiers are shares of a household water budget (Tier 1 = within budget); the budget formula is not published in the rate manual.
Town of Windsor,Windsor,tiered,2026-02-01,"per 1,000 gal",28.33,8.34,https://www.windsorco.gov/513/Fee-Schedule,2026-09-24,18.57,lowest priced tier: Tier 1; top tier: Tier 3,14961,125,278,,Windsor (Town water customers),windsor-rates-2026,VERIFIED,true,
RainDance Metropolitan District,Windsor,flat,2026-01-01,"per 1,000 gal",,4.53,https://www.raindancemetrodistrict.org/non-potable-irrigation-water,2026-09-24,4.53,one priced rate: Non-potable irrigation,14961,68,68,,RainDance in Windsor (non-potable irrigation water),raindance-nonpotable-irrigation,VERIFIED,true,Non-potable irrigation water; the annual capital fee (277.68 per unit) is billed once a season and does not change with use.
City of Loveland Utilities,Loveland,flat,2026-01-01,"per 1,000 gal",21.51,4.27,https://cilovelandco.civicweb.net/document/493680/,2026-09-24,4.27,"one priced rate: Single family, inside city",14961,64,64,,"Loveland, single-family inside city",loveland-rates-2026,EXTERNAL_SOURCE,true,
City of Longmont,Longmont,tiered,2026-01-01,"per 1,000 gal",11.91,4.84,https://longmontcolorado.gov/water/rates-and-fees-water-storm-sewer/,2026-09-24,13.08,lowest priced tier: Block 1 (inside city); top tier: Block 4 (inside city),14961,72,196,,"Longmont, inside city limits",longmont-rates-2026,VERIFIED,true,
"Little Thompson Water District, standard 5/8-inch tap",Mead; Firestone; Berthoud,allotment,2026-04-17,"per 1,000 gal",45.48,4.03,https://www.littlethompsonwd.gov/files/0eba237d7/2026+Section+1502.1+Schedule+B-04162026_02.pdf,2026-09-24,10.35,lowest priced tier: Tier 1; top tier: Tier 5,14961,60,155,10,"Mead, Barefoot Lakes in Firestone, some Berthoud-area addresses",ltwd-rates-2026-standard-tap ltwd-allotment-overage-2026,VERIFIED,true,"Above the annual allotment a standard 5/8-inch tap pays 10.00 more per 1,000 gal (150 a year more per 1,000 sq ft); other residential taps pay 20.00 more."
East Larimer County Water District (ELCO),Fort Collins,allotment,2026-01-01,"per 1,000 gal",,,https://www.elcowater.org/rate-information,2026-09-24,,usage rates not published,,,,5.61,North and east of Fort Collins,elco-rates-not-published,VERIFIED,true,"Usage rates are not published online; above the annual allotment a conservation charge adds 5.61 per 1,000 gal."
